step,loss,l_attack,l_perc,l_ssim,l_temp,lr,val_mean_jf_clean,val_mean_jf_adv,val_delta_jf,vid_vid_mean_jf_clean,vid_vid_mean_jf_adv,vid_vid_delta_jf
10,0.019519487395882607,0.019519487395882607,0.0,0.0,0.0,4.999955586926308e-05,,,,,,
20,0.22760769724845886,0.2238806188106537,0.0,0.007454168051481247,0.0,4.9998223494585866e-05,,,,,,
30,0.5713215470314026,0.5710705518722534,0.0,0.0005019931122660637,0.0,4.99960029285682e-05,,,,,,
40,0.5919380784034729,0.5919380784034729,0.0,0.0,0.0,4.9992894258874245e-05,,,,,,
50,0.024602720513939857,0.024602720513939857,0.0,0.0,0.0,4.9988897608228945e-05,,,,,,
60,0.02643316052854061,0.02643316052854061,0.0,0.0,0.0,4.998401313441324e-05,,,,,,
70,0.06708686798810959,0.0653703585267067,0.0,0.0034330151975154877,0.0,4.997824103025778e-05,,,,,,
80,0.40809667110443115,0.40809667110443115,0.0,0.0,0.0,4.997158152363535e-05,,,,,,
90,0.4102749824523926,0.4102749824523926,0.0,0.0,0.0,4.9964034877451904e-05,,,,,,
100,0.02108401246368885,0.02108401246368885,0.0,0.0,0.0,4.995560138963608e-05,,,,,,
110,0.4435862898826599,0.4435862898826599,0.0,0.0,0.0,4.994628139312754e-05,,,,,,
120,0.2418707311153412,0.2418707311153412,0.0,0.0,0.0,4.993607525586378e-05,,,,,,
130,0.1146588921546936,0.1146588921546936,0.0,0.0,0.0,4.9924983380765644e-05,,,,,,
140,0.24205182492733002,0.2413308173418045,0.0,0.001442011445760727,0.0,4.9913006205721356e-05,,,,,,
150,0.1343487799167633,0.1318993717432022,0.0,0.004898827522993088,0.0,4.990014420356928e-05,,,,,,
160,0.3840080797672272,0.3793050944805145,0.0,0.009405981749296188,0.0,4.988639788207923e-05,,,,,,
170,0.47006872296333313,0.469799280166626,0.0,0.000538908876478672,0.0,4.987176778393243e-05,,,,,,
180,0.03396642953157425,0.03396642953157425,0.0,0.0,0.0,4.9856254486700144e-05,,,,,,
190,0.019899480044841766,0.018531614914536476,0.0,0.0027357302606105804,0.0,4.9839858602820774e-05,,,,,,
200,0.39578530192375183,0.39039525389671326,0.0,0.010780077427625656,0.0,4.982258077957573e-05,,,,,,
210,0.014601610600948334,0.014239417389035225,0.0,0.0007243864238262177,0.0,4.980442169906387e-05,,,,,,
220,0.45282551646232605,0.45272165536880493,0.0,0.00020770076662302017,0.0,4.978538207817463e-05,,,,,,
230,0.5455437302589417,0.5448296666145325,0.0,0.0014280909672379494,0.0,4.9765462668559635e-05,,,,,,
240,0.22238855063915253,0.2222667634487152,0.0,0.00024357065558433533,0.0,4.974466425660306e-05,,,,,,
250,0.03378356993198395,0.03292887285351753,0.0,0.0017093978822231293,0.0,4.97229876633906e-05,,,,,,
260,0.04363110661506653,0.043553419411182404,0.0,0.00015537720173597336,0.0,4.970043374467703e-05,,,,,,
270,0.044784851372241974,0.044355738908052444,0.0,0.0008582286536693573,0.0,4.967700339085245e-05,,,,,,
280,0.08009561151266098,0.08009561151266098,0.0,0.0,0.0,4.965269752690712e-05,,,,,,
290,0.5936696529388428,0.5936696529388428,0.0,0.0,0.0,4.9627517112394915e-05,,,,,,
300,0.3054472804069519,0.29699018597602844,0.0,0.01691417023539543,0.0,4.9601463141395496e-05,,,,,,
310,0.5894109010696411,0.5894109010696411,0.0,0.0,0.0,4.957453664247501e-05,,,,,,
320,0.24381513893604279,0.24381513893604279,0.0,0.0,0.0,4.954673867864556e-05,,,,,,
330,0.08801355957984924,0.08557864278554916,0.0,0.00486982986330986,0.0,4.951807034732312e-05,,,,,,
340,0.5953807830810547,0.5953807830810547,0.0,0.0,0.0,4.948853278028436e-05,,,,,,
350,0.22199533879756927,0.2187955528497696,0.0,0.006399568170309067,0.0,4.945812714362183e-05,,,,,,
360,0.2368176430463791,0.2368176430463791,0.0,0.0,0.0,4.9426854637698004e-05,,,,,,
370,0.24817895889282227,0.24799610674381256,0.0,0.0003657126799225807,0.0,4.9394716497097853e-05,,,,,,
380,0.03902895748615265,0.03902895748615265,0.0,0.0,0.0,4.936171399058017e-05,,,,,,
390,0.30626147985458374,0.30440446734428406,0.0,0.0037140212953090668,0.0,4.9327848421027386e-05,,,,,,
400,0.30641648173332214,0.30641648173332214,0.0,0.0,0.0,4.929312112539421e-05,,,,,,
410,0.0375458300113678,0.0375458300113678,0.0,0.0,0.0,4.925753347465478e-05,,,,,,
420,0.04972422868013382,0.04972422868013382,0.0,0.0,0.0,4.922108687374866e-05,,,,,,
430,0.2833872139453888,0.2833872139453888,0.0,0.0,0.0,4.918378276152523e-05,,,,,,
440,0.2770244777202606,0.2770244777202606,0.0,0.0,0.0,4.9145622610686915e-05,,,,,,
450,0.021246103569865227,0.019589312374591827,0.0,0.0033135823905467987,0.0,4.910660792773119e-05,,,,,,
460,0.12872907519340515,0.12872907519340515,0.0,0.0,0.0,4.9066740252890934e-05,,,,,,
470,0.26095208525657654,0.26095208525657654,0.0,0.0,0.0,4.902602116007366e-05,,,,,,
480,0.04788506031036377,0.04788506031036377,0.0,0.0,0.0,4.898445225679944e-05,,,,,,
490,0.03844938054680824,0.03844938054680824,0.0,0.0,0.0,4.89420351841374e-05,,,,,,
500,0.07246682792901993,0.06564918160438538,0.0,0.013635288923978806,0.0,4.889877161664094e-05,0.5906255756368602,0.14805373104689354,0.4425718445899667,0.794803311474418,0.7891638764880267,0.005639434986391301
510,0.2783583700656891,0.2782353460788727,0.0,0.00024603866040706635,0.0,4.8854663262281615e-05,,,,,,
520,0.061769116669893265,0.061769116669893265,0.0,0.0,0.0,4.880971186238171e-05,,,,,,
530,0.03378614783287048,0.03200007975101471,0.0,0.0035721324384212494,0.0,4.876391919154558e-05,,,,,,
540,0.07823960483074188,0.07823960483074188,0.0,0.0,0.0,4.8717287057589424e-05,,,,,,
550,0.31832483410835266,0.31832483410835266,0.0,0.0,0.0,4.866981730147005e-05,,,,,,
560,0.5289429426193237,0.5289429426193237,0.0,0.0,0.0,4.862151179721214e-05,,,,,,
570,0.5166905522346497,0.5166905522346497,0.0,0.0,0.0,4.857237245183431e-05,,,,,,
580,0.10266724228858948,0.10266724228858948,0.0,0.0,0.0,4.852240120527374e-05,,,,,,
590,0.30693861842155457,0.30693861842155457,0.0,0.0,0.0,4.8471600030309704e-05,,,,,,
600,0.057122208178043365,0.05543016642332077,0.0,0.003384079784154892,0.0,4.8419970932485614e-05,,,,,,
610,0.2479701042175293,0.2472829669713974,0.0,0.0013742707669734955,0.0,4.8367515950029845e-05,,,,,,
620,0.24691900610923767,0.24691900610923767,0.0,0.0,0.0,4.831423715377527e-05,,,,,,
630,0.06542730331420898,0.06542730331420898,0.0,0.0,0.0,4.826013664707754e-05,,,,,,
640,0.2957199811935425,0.2957199811935425,0.0,0.0,0.0,4.820521656573204e-05,,,,,,
650,0.06085439398884773,0.06085439398884773,0.0,0.0,0.0,4.814947907788953e-05,,,,,,
660,0.3566751480102539,0.35624605417251587,0.0,0.0008581783622503281,0.0,4.809292638397059e-05,,,,,,
670,0.401582270860672,0.401582270860672,0.0,0.0,0.0,4.803556071657877e-05,,,,,,
680,0.28834375739097595,0.28834375739097595,0.0,0.0,0.0,4.797738434041236e-05,,,,,,
690,0.2294391542673111,0.22943422198295593,0.0,9.852461516857147e-06,0.0,4.7918399552175095e-05,,,,,,
700,0.14347878098487854,0.1424611359834671,0.0,0.0020353011786937714,0.0,4.7858608680485404e-05,,,,,,
710,0.6074923872947693,0.6028734445571899,0.0003653336316347122,0.008507218211889267,0.0,4.779801408578454e-05,,,,,,
720,0.12742504477500916,0.12742504477500916,0.0,0.0,0.0,4.773661816024333e-05,,,,,,
730,0.011649157851934433,0.011649157851934433,0.0,0.0,0.0,4.7674423327667786e-05,,,,,,
740,0.07126809656620026,0.07126809656620026,0.0,0.0,0.0,4.7611432043403415e-05,,,,,,
750,0.03015732765197754,0.03015732765197754,0.0,0.0,0.0,4.754764679423826e-05,,,,,,
760,0.26395416259765625,0.26286759972572327,0.0,0.002173136919736862,0.0,4.7483070098304744e-05,,,,,,
770,0.20415104925632477,0.1997637003660202,0.0,0.008774708956480026,0.0,4.741770450498023e-05,,,,,,
780,0.32038241624832153,0.3165859282016754,0.0012550707906484604,0.0050828419625759125,0.0,4.735155259478644e-05,,,,,,
790,0.09975403547286987,0.09975403547286987,0.0,0.0,0.0,4.7284616979287494e-05,,,,,,
800,0.40991243720054626,0.40991243720054626,0.0,0.0,0.0,4.72169003009869e-05,,,,,,
810,0.0392957478761673,0.03928227722644806,0.0,2.694409340620041e-05,0.0,4.7148405233223174e-05,,,,,,
820,0.3173547387123108,0.31590038537979126,0.0,0.00290868803858757,0.0,4.7079134480064306e-05,,,,,,
830,0.3105345666408539,0.3105345666408539,0.0,0.0,0.0,4.7009090776201e-05,,,,,,
840,0.22276900708675385,0.20838536322116852,0.0,0.02876729890704155,0.0,4.6938276886838764e-05,,,,,,
850,0.32710468769073486,0.32710468769073486,0.0,0.0,0.0,4.686669560758869e-05,,,,,,
860,0.021437138319015503,0.020709412172436714,0.0,0.0014554522931575775,0.0,4.679434976435715e-05,,,,,,
870,0.35118260979652405,0.35118260979652405,0.0,0.0,0.0,4.672124221323411e-05,,,,,,
880,0.027771757915616035,0.027559641748666763,0.0,0.0004242323338985443,0.0,4.6647375840380535e-05,,,,,,
890,0.13097311556339264,0.13097311556339264,0.0,0.0,0.0,4.6572753561914346e-05,,,,,,
900,0.36876410245895386,0.36765503883361816,0.0,0.002218138426542282,0.0,4.649737832379531e-05,,,,,,
910,0.41128113865852356,0.41128113865852356,0.0,0.0,0.0,4.642125310170878e-05,,,,,,
920,0.04545678570866585,0.04545678570866585,0.0,0.0,0.0,4.6344380900948175e-05,,,,,,
930,0.3839896619319916,0.3805927038192749,0.0,0.006793927401304245,0.0,4.6266764756296336e-05,,,,,,
940,0.0731223076581955,0.06438349187374115,0.0,0.017477627843618393,0.0,4.6188407731905766e-05,,,,,,
950,0.016776125878095627,0.016776125878095627,0.0,0.0,0.0,4.6109312921177626e-05,,,,,,
960,0.24223878979682922,0.24176326394081116,0.0,0.0009510479867458344,0.0,4.60294834466396e-05,,,,,,
970,0.0718449056148529,0.0718449056148529,0.0,0.0,0.0,4.5948922459822654e-05,,,,,,
980,0.2559654116630554,0.2559654116630554,0.0,0.0,0.0,4.5867633141136626e-05,,,,,,
990,0.09825240820646286,0.09825240820646286,0.0,0.0,0.0,4.578561869974461e-05,,,,,,
1000,0.3249274790287018,0.3249274790287018,0.0,0.0,0.0,4.570288237343632e-05,0.5906255756368602,0.16534378129744853,0.4252817943394117,0.794803311474418,0.7853622659163044,0.009441045558113537
1010,0.055928491055965424,0.055928491055965424,0.0,0.0,0.0,4.561942742850025e-05,,,,,,
1020,0.3512223958969116,0.3512223958969116,0.0,0.0,0.0,4.5535257159594736e-05,,,,,,
1030,0.11637426912784576,0.11631448566913605,0.0,0.00011956971138715744,0.0,4.545037488961786e-05,,,,,,
1040,0.009377866983413696,0.009377866983413696,0.0,0.0,0.0,4.5364783969576304e-05,,,,,,
1050,0.2562406361103058,0.2448444366455078,0.0,0.022792425006628036,0.0,4.5278487778453034e-05,,,,,,
1060,0.23181703686714172,0.23181703686714172,0.0,0.0,0.0,4.519148972307392e-05,,,,,,
1070,0.02180562913417816,0.01899355836212635,0.0,0.0056241415441036224,0.0,4.510379323797322e-05,,,,,,
1080,0.06336543709039688,0.06336543709039688,0.0,0.0,0.0,4.501540178525802e-05,,,,,,
1090,0.03163047507405281,0.03163047507405281,0.0,0.0,0.0,4.49263188544715e-05,,,,,,
1100,0.02013486437499523,0.01849721372127533,0.0,0.003275301307439804,0.0,4.483654796245526e-05,,,,,,
1110,0.12318558990955353,0.12318558990955353,0.0,0.0,0.0,4.474609265321037e-05,,,,,,
1120,0.12932485342025757,0.12932485342025757,0.0,0.0,0.0,4.465495649775758e-05,,,,,,
1130,0.10889609903097153,0.10889609903097153,0.0,0.0,0.0,4.4563143093996254e-05,,,,,,
1140,0.33197686076164246,0.33197686076164246,0.0,0.0,0.0,4.447065606656236e-05,,,,,,
1150,0.22844555974006653,0.22828643023967743,0.0,0.0003182673826813698,0.0,4.437749906668536e-05,,,,,,
1160,0.2931794226169586,0.2931794226169586,0.0,0.0,0.0,4.428367577204411e-05,,,,,,
1170,0.024171926081180573,0.024171926081180573,0.0,0.0,0.0,4.418918988662165e-05,,,,,,
1180,0.15195105969905853,0.14785020053386688,0.0,0.008201714605093002,0.0,4.409404514055893e-05,,,,,,
1190,0.40898796916007996,0.40793564915657043,0.0,0.0021046511828899384,0.0,4.399824529000763e-05,,,,,,
1200,0.09978166967630386,0.09978166967630386,0.0,0.0,0.0,4.39017941169818e-05,,,,,,
1210,0.04887523502111435,0.04887523502111435,0.0,0.0,0.0,4.380469542920859e-05,,,,,,
1220,0.397244930267334,0.3858253061771393,0.0,0.022839244455099106,0.0,4.370695305997795e-05,,,,,,
1230,0.0324716754257679,0.03224260360002518,0.0,0.0004581417888402939,0.0,4.360857086799125e-05,,,,,,
1240,0.17702005803585052,0.17702005803585052,0.0,0.0,0.0,4.3509552737208976e-05,,,,,,
1250,0.19922436773777008,0.19922436773777008,0.0,0.0,0.0,4.340990257669737e-05,,,,,,
1260,0.07033064216375351,0.07033064216375351,0.0,0.0,0.0,4.330962432047417e-05,,,,,,
1270,0.013176859356462955,0.013176859356462955,0.0,0.0,0.0,4.3208721927353195e-05,,,,,,
1280,0.11173269897699356,0.11173269897699356,0.0,0.0,0.0,4.3107199380788164e-05,,,,,,
1290,0.12184007465839386,0.12184007465839386,0.0,0.0,0.0,4.30050606887154e-05,,,,,,
1300,0.13887010514736176,0.13887010514736176,0.0,0.0,0.0,4.290230988339556e-05,,,,,,
1310,0.10838895291090012,0.10838895291090012,0.0,0.0,0.0,4.27989510212545e-05,,,,,,
1320,0.11260143667459488,0.11260143667459488,0.0,0.0,0.0,4.269498818272311e-05,,,,,,
1330,0.029872063547372818,0.029872063547372818,0.0,0.0,0.0,4.259042547207626e-05,,,,,,
1340,0.035063911229372025,0.03458566218614578,0.0,0.0009564990177750587,0.0,4.248526701727071e-05,,,,,,
1350,0.01882297173142433,0.01882297173142433,0.0,0.0,0.0,4.2379516969782204e-05,,,,,,
1360,0.0707608237862587,0.0707608237862587,0.0,0.0,0.0,4.227317950444157e-05,,,,,,
1370,0.258823037147522,0.258823037147522,0.0,0.0,0.0,4.2166258819269824e-05,,,,,,
1380,0.12096021324396133,0.12096021324396133,0.0,0.0,0.0,4.205875913531255e-05,,,,,,
1390,0.3716159462928772,0.3716159462928772,0.0,0.0,0.0,4.19506846964732e-05,,,,,,
1400,0.3032347559928894,0.3031160533428192,0.0,0.00023741088807582855,0.0,4.184203976934557e-05,,,,,,
1410,0.03235817700624466,0.03235817700624466,0.0,0.0,0.0,4.173282864304535e-05,,,,,,
1420,0.2455446869134903,0.2455446869134903,0.0,0.0,0.0,4.16230556290408e-05,,,,,,
1430,0.24176299571990967,0.24146538972854614,0.0,0.0005952231585979462,0.0,4.151272506098256e-05,,,,,,
1440,0.04262567311525345,0.02783508598804474,0.0,0.02958117052912712,0.0,4.1401841294532546e-05,,,,,,
1450,0.02174781821668148,0.021179571747779846,0.0,0.0011364929378032684,0.0,4.1290408707192004e-05,,,,,,
1460,0.03444553166627884,0.034320782870054245,0.0,0.000249495729804039,0.0,4.117843169812865e-05,,,,,,
1470,0.10054522752761841,0.10054522752761841,0.0,0.0,0.0,4.106591468800309e-05,,,,,,
1480,0.021902939304709435,0.021011948585510254,0.0,0.0017819814383983612,0.0,4.095286211879421e-05,,,,,,
1490,0.28990229964256287,0.28990229964256287,0.0,0.0,0.0,4.0839278453623853e-05,,,,,,
1500,0.36550796031951904,0.36550796031951904,0.0,0.0,0.0,4.072516817658066e-05,0.5906255756368602,0.1591809306029629,0.43144464503389734,0.794803311474418,0.788771318390596,0.006031993083821963
1510,0.041024502366781235,0.040456730872392654,0.0,0.0011355457827448845,0.0,4.061053579254298e-05,,,,,,
1520,0.2258492410182953,0.22570474445819855,0.0,0.00028900429606437683,0.0,4.049538582700103e-05,,,,,,
1530,0.25139951705932617,0.25139951705932617,0.0,0.0,0.0,4.0379722825878295e-05,,,,,,
1540,0.06878606975078583,0.06878606975078583,0.0,0.0,0.0,4.026355135535202e-05,,,,,,
1550,0.24725812673568726,0.24725812673568726,0.0,0.0,0.0,4.014687600167293e-05,,,,,,
1560,0.2137819528579712,0.2137819528579712,0.0,0.0,0.0,4.0029701370984225e-05,,,,,,
1570,0.07807227969169617,0.07805592566728592,0.0,3.271084278821945e-05,0.0,3.991203208913968e-05,,,,,,
1580,0.03468963876366615,0.03451383113861084,0.0,0.00035161618143320084,0.0,3.979387280152107e-05,,,,,,
1590,0.44377008080482483,0.4437224864959717,0.0,9.519420564174652e-05,0.0,3.967522817285473e-05,,,,,,
1600,0.36331450939178467,0.36331450939178467,0.0,0.0,0.0,3.955610288702745e-05,,,,,,
1610,0.03199043497443199,0.03199043497443199,0.0,0.0,0.0,3.943650164690154e-05,,,,,,
1620,0.021577417850494385,0.02055932767689228,0.0,0.0020361803472042084,0.0,3.931642917412917e-05,,,,,,
1630,0.07992454618215561,0.07992454618215561,0.0,0.0,0.0,3.919589020896598e-05,,,,,,
1640,0.23806458711624146,0.23806458711624146,0.0,0.0,0.0,3.9074889510083916e-05,,,,,,
1650,0.020735573023557663,0.020735573023557663,0.0,0.0,0.0,3.895343185438337e-05,,,,,,
1660,0.044908490031957626,0.044908490031957626,0.0,0.0,0.0,3.883152203680463e-05,,,,,,
1670,0.37295201420783997,0.36843058466911316,0.0,0.009042885154485703,0.0,3.870916487013855e-05,,,,,,
1680,0.24644620716571808,0.24644620716571808,0.0,0.0,0.0,3.8586365184836566e-05,,,,,,
1690,0.4009293019771576,0.4009293019771576,0.0,0.0,0.0,3.846312782881999e-05,,,,,,
1700,0.10700809955596924,0.10700809955596924,0.0,0.0,0.0,3.833945766728861e-05,,,,,,
1710,0.022502116858959198,0.022502116858959198,0.0,0.0,0.0,3.8215359582528635e-05,,,,,,
1720,0.06281065195798874,0.06281065195798874,0.0,0.0,0.0,3.8090838473719976e-05,,,,,,
1730,0.05001841112971306,0.05001841112971306,0.0,0.0,0.0,3.796589925674281e-05,,,,,,
1740,0.35964733362197876,0.35964733362197876,0.0,0.0,0.0,3.784054686398346e-05,,,,,,
1750,0.032921284437179565,0.032805316150188446,0.0,0.00023193936794996262,0.0,3.771478624413979e-05,,,,,,
1760,0.4047781527042389,0.39476683735847473,0.0,0.020022626966238022,0.0,3.758862236202572e-05,,,,,,
1770,0.3947625756263733,0.3947625756263733,0.0,0.0,0.0,3.746206019837527e-05,,,,,,
1780,0.1404706984758377,0.13995876908302307,0.0,0.0010238699615001678,0.0,3.733510474964598e-05,,,,,,
1790,0.3940607011318207,0.3940607011318207,0.0,0.0,0.0,3.7207761027821576e-05,,,,,,
1800,0.06469181180000305,0.06469181180000305,0.0,0.0,0.0,3.708003406021413e-05,,,,,,
1810,0.23165234923362732,0.23165234923362732,0.0,0.0,0.0,3.6951928889265635e-05,,,,,,
1820,0.02175540290772915,0.0212801992893219,0.0,0.0009504072368144989,0.0,3.6823450572348884e-05,,,,,,
1830,0.2796049118041992,0.2796049118041992,0.0,0.0,0.0,3.669460418156785e-05,,,,,,
1840,0.10392247885465622,0.10167209804058075,0.0,0.0045007579028606415,0.0,3.6565394803557413e-05,,,,,,
1850,0.2358161062002182,0.23578214645385742,0.0,6.790738552808762e-05,0.0,3.643582753928255e-05,,,,,,
1860,0.3107168674468994,0.3107168674468994,0.0,0.0,0.0,3.630590750383704e-05,,,,,,
1870,0.26108410954475403,0.26108410954475403,0.0,0.0,0.0,3.617563982624141e-05,,,,,,
1880,0.13101567327976227,0.12454190850257874,0.0,0.012947525829076767,0.0,3.604502964924051e-05,,,,,,
1890,0.03348534554243088,0.03307473659515381,0.0,0.0008212141692638397,0.0,3.5914082129100506e-05,,,,,,
1900,0.3928903341293335,0.3928903341293335,0.0,0.0,0.0,3.578280243540522e-05,,,,,,
1910,0.058066681027412415,0.058066681027412415,0.0,0.0,0.0,3.565119575085224e-05,,,,,,
1920,0.010656207799911499,0.010656207799911499,0.0,0.0,0.0,3.55192672710481e-05,,,,,,
1930,0.2828885316848755,0.2828885316848755,0.0,0.0,0.0,3.53870222043033e-05,,,,,,
1940,0.02076326124370098,0.02076326124370098,0.0,0.0,0.0,3.525446577142662e-05,,,,,,
1950,0.056588105857372284,0.055866990238428116,0.0,0.0014422349631786346,0.0,3.512160320551906e-05,,,,,,
1960,0.03409996256232262,0.03409996256232262,0.0,0.0,0.0,3.498843975176721e-05,,,,,,
1970,0.04900011792778969,0.04900011792778969,0.0,0.0,0.0,3.485498066723624e-05,,,,,,
1980,0.017086388543248177,0.017086388543248177,0.0,0.0,0.0,3.472123122066226e-05,,,,,,
1990,0.016923509538173676,0.016923509538173676,0.0,0.0,0.0,3.458719669224442e-05,,,,,,
2000,0.12968036532402039,0.12968036532402039,0.0,0.0,0.0,3.44528823734364e-05,0.5906255756368602,0.15049984994790597,0.44012572568895425,0.794803311474418,0.7872802716980204,0.0075230397763975665
2010,0.11507021635770798,0.11150263249874115,0.0,0.007135163992643356,0.0,3.431829356673751e-05,,,,,,
2020,0.050799913704395294,0.049809008836746216,0.0,0.0019818060100078583,0.0,3.41834355854834e-05,,,,,,
2030,0.26210805773735046,0.25628161430358887,0.0,0.011652898043394089,0.0,3.404831375363625e-05,,,,,,
2040,0.40657246112823486,0.40613803267478943,0.0,0.0008688531816005707,0.0,3.391293340557461e-05,,,,,,
2050,0.17518439888954163,0.17411214113235474,0.0,0.002144511789083481,0.0,3.377729988588283e-05,,,,,,
2060,0.0671008825302124,0.0671008825302124,0.0,0.0,0.0,3.364141854914e-05,,,,,,
2070,0.43243542313575745,0.431818425655365,0.0,0.0012339912354946136,0.0,3.3505294759708664e-05,,,,,,
2080,0.3873090445995331,0.38715869188308716,0.0,0.00030072592198848724,0.0,3.3368933891522914e-05,,,,,,
2090,0.358530730009079,0.35443782806396484,0.0,0.00818582996726036,0.0,3.3232341327876346e-05,,,,,,
2100,0.12809202075004578,0.12809202075004578,0.0,0.0,0.0,3.3095522461209496e-05,,,,,,
2110,0.30645689368247986,0.30423086881637573,0.0,0.00445203110575676,0.0,3.295848269289695e-05,,,,,,
2120,0.021642612293362617,0.021642612293362617,0.0,0.0,0.0,3.282122743303411e-05,,,,,,
2130,0.5715882778167725,0.5715882778167725,0.0,0.0,0.0,3.268376210022361e-05,,,,,,
2140,0.2674153745174408,0.2674153745174408,0.0,0.0,0.0,3.254609212136141e-05,,,,,,
2150,0.017269879579544067,0.017269879579544067,0.0,0.0,0.0,3.240822293142257e-05,,,,,,
2160,0.0645807757973671,0.0645807757973671,0.0,0.0,0.0,3.227015997324661e-05,,,,,,
2170,0.022442154586315155,0.022442154586315155,0.0,0.0,0.0,3.213190869732272e-05,,,,,,
2180,0.35664689540863037,0.35600265860557556,0.0,0.0012884493917226791,0.0,3.1993474561574564e-05,,,,,,
2190,0.0989108458161354,0.0989108458161354,0.0,0.0,0.0,3.185486303114479e-05,,,,,,
2200,0.0493726022541523,0.0493726022541523,0.0,0.0,0.0,3.171607957817926e-05,,,,,,
2210,0.06879494339227676,0.06879494339227676,0.0,0.0,0.0,3.157712968161105e-05,,,,,,
2220,0.13776198029518127,0.13776198029518127,0.0,0.0,0.0,3.143801882694419e-05,,,,,,
2230,0.16341616213321686,0.16341616213321686,0.0,0.0,0.0,3.129875250603701e-05,,,,,,
2240,0.07942307740449905,0.07942307740449905,0.0,0.0,0.0,3.11593362168854e-05,,,,,,
2250,0.0469391830265522,0.0469391830265522,0.0,0.0,0.0,3.1019775463405724e-05,,,,,,
2260,0.4108668863773346,0.4089640974998474,0.0,0.0038055889308452606,0.0,3.088007575521758e-05,,,,,,
2270,0.17373257875442505,0.1731581836938858,0.0,0.0011487863957881927,0.0,3.074024260742624e-05,,,,,,
2280,0.06522663682699203,0.0649029016494751,0.0,0.000647466629743576,0.0,3.0600281540404934e-05,,,,,,
2290,0.25443577766418457,0.2542257606983185,0.0,0.0004200572147965431,0.0,3.0460198079576948e-05,,,,,,
2300,0.19987960159778595,0.19987960159778595,0.0,0.0,0.0,3.0319997755197435e-05,,,,,,
2310,0.5708416700363159,0.5708416700363159,0.0,0.0,0.0,3.0179686102135148e-05,,,,,,
2320,0.10357038676738739,0.10357038676738739,0.0,0.0,0.0,3.0039268659653912e-05,,,,,,
2330,0.568817675113678,0.5683497190475464,0.0,0.0009358702227473259,0.0,2.9898750971193916e-05,,,,,,
2340,0.22617046535015106,0.2196720391511917,0.0,0.012996848672628403,0.0,2.97581385841529e-05,,,,,,
2350,0.06389138847589493,0.06389138847589493,0.0,0.0,0.0,2.961743704966714e-05,,,,,,
2360,0.10238294303417206,0.10238294303417206,0.0,0.0,0.0,2.9476651922392277e-05,,,,,,
2370,0.12714654207229614,0.12714654207229614,0.0,0.0,0.0,2.9335788760284107e-05,,,,,,
2380,0.23540712893009186,0.23540712893009186,0.0,0.0,0.0,2.9194853124379045e-05,,,,,,
2390,0.048238445073366165,0.04821579530835152,0.0,4.530232399702072e-05,0.0,2.9053850578574687e-05,,,,,,
2400,0.021561309695243835,0.02106417901813984,0.0,0.0009942613542079926,0.0,2.8912786689410104e-05,,,,,,
2410,0.35663455724716187,0.3558710217475891,0.0,0.0015270821750164032,0.0,2.8771667025846107e-05,,,,,,
2420,0.17046955227851868,0.17026591300964355,0.0,0.000407281331717968,0.0,2.863049715904536e-05,,,,,,
2430,0.3202519416809082,0.3202519416809082,0.0,0.0,0.0,2.84892826621525e-05,,,,,,
2440,0.10317663103342056,0.10317663103342056,0.0,0.0,0.0,2.8348029110074052e-05,,,,,,
2450,0.035479385405778885,0.03520197421312332,0.0,0.0005548233166337013,0.0,2.8206742079258405e-05,,,,,,
2460,0.29385265707969666,0.2749581038951874,0.0,0.03778911754488945,0.0,2.8065427147475613e-05,,,,,,
2470,0.44046294689178467,0.44046294689178467,0.0,0.0,0.0,2.79240898935972e-05,,,,,,
2480,0.021534759551286697,0.021534759551286697,0.0,0.0,0.0,2.7782735897375947e-05,,,,,,
2490,0.0239687692373991,0.02281663566827774,0.0,0.0023042671382427216,0.0,2.7641370739225583e-05,,,,,,
2500,0.02395031228661537,0.02395031228661537,0.0,0.0,0.0,2.7500000000000496e-05,0.5906255756368602,0.14415721309735283,0.4464683625395074,0.794803311474418,0.7856706724650552,0.009132639009362786
2510,0.2512115240097046,0.2512115240097046,0.0,0.0,0.0,2.7358629260775412e-05,,,,,,
2520,0.0650007501244545,0.0650007501244545,0.0,0.0,0.0,2.721726410262505e-05,,,,,,
2530,0.29009494185447693,0.29009494185447693,0.0,0.0,0.0,2.7075910106403798e-05,,,,,,
2540,0.028762372210621834,0.02653316780924797,0.0,0.0044584088027477264,0.0,2.693457285252538e-05,,,,,,
2550,0.34379610419273376,0.34379610419273376,0.0,0.0,0.0,2.6793257920742583e-05,,,,,,
2560,0.29278457164764404,0.2926797866821289,0.0,0.00020955782383680344,0.0,2.665197088992694e-05,,,,,,
2570,0.010093017481267452,0.010093017481267452,0.0,0.0,0.0,2.651071733784851e-05,,,,,,
2580,0.04758701100945473,0.04758701100945473,0.0,0.0,0.0,2.6369502840955646e-05,,,,,,
2590,0.010448218323290348,0.010448218323290348,0.0,0.0,0.0,2.622833297415491e-05,,,,,,
2600,0.2270401269197464,0.22697937488555908,0.0,0.00012149754911661148,0.0,2.608721331059091e-05,,,,,,
2610,0.013422418385744095,0.013422418385744095,0.0,0.0,0.0,2.5946149421426324e-05,,,,,,
2620,0.0667206197977066,0.0667206197977066,0.0,0.0,0.0,2.5805146875621963e-05,,,,,,
2630,0.4171690046787262,0.4167517423629761,0.0,0.000834503211081028,0.0,2.566421123971691e-05,,,,,,
2640,0.1118486300110817,0.1118486300110817,0.0,0.0,0.0,2.5523348077608728e-05,,,,,,
2650,0.030762124806642532,0.030684860423207283,0.0,0.0001545306295156479,0.0,2.5382562950333866e-05,,,,,,
2660,0.021176379173994064,0.01954333297908306,0.0,0.0032660923898220062,0.0,2.5241861415848108e-05,,,,,,
2670,0.37460920214653015,0.3734535276889801,0.0,0.002311345189809799,0.0,2.510124902880709e-05,,,,,,
2680,0.04996289312839508,0.04996289312839508,0.0,0.0,0.0,2.4960731340347096e-05,,,,,,
2690,0.021801132708787918,0.021801132708787918,0.0,0.0,0.0,2.4820313897865867e-05,,,,,,
2700,0.3719911575317383,0.36909985542297363,0.00012011639773845673,0.005542423576116562,0.0,2.4680002244803584e-05,,,,,,
2710,0.03724782168865204,0.03475441411137581,0.0,0.004986818879842758,0.0,2.4539801920424077e-05,,,,,,
2720,0.11172527819871902,0.11172527819871902,0.0,0.0,0.0,2.4399718459596078e-05,,,,,,
2730,0.29337480664253235,0.2931884229183197,0.0,0.00037277303636074066,0.0,2.4259757392574763e-05,,,,,,
2740,0.03329641371965408,0.033031389117240906,0.0,0.0005300519987940788,0.0,2.4119924244783403e-05,,,,,,
2750,0.007606355007737875,0.007606355007737875,0.0,0.0,0.0,2.3980224536595244e-05,,,,,,
2760,0.1642683744430542,0.15996062755584717,0.0,0.008615490049123764,0.0,2.3840663783115552e-05,,,,,,
2770,0.5658262968063354,0.5640355944633484,0.0,0.003581460565328598,0.0,2.3701247493963914e-05,,,,,,
2780,0.397121399641037,0.39630794525146484,0.0,0.0016269199550151825,0.0,2.3561981173056712e-05,,,,,,
2790,0.39731189608573914,0.39731189608573914,0.0,0.0,0.0,2.3422870318389826e-05,,,,,,
2800,0.4035111367702484,0.4035111367702484,0.0,0.0,0.0,2.3283920421821615e-05,,,,,,
2810,0.22319814562797546,0.22319814562797546,0.0,0.0,0.0,2.3145136968856056e-05,,,,,,
2820,0.048630934208631516,0.048630934208631516,0.0,0.0,0.0,2.3006525438426248e-05,,,,,,
2830,0.11517231911420822,0.11238057166337967,0.0,0.005583491176366806,0.0,2.286809130267808e-05,,,,,,
2840,0.2296057939529419,0.2296057939529419,0.0,0.0,0.0,2.2729840026754172e-05,,,,,,
2850,0.020730001851916313,0.020194875076413155,0.0,0.0010702544823288918,0.0,2.2591777068578196e-05,,,,,,
2860,0.0434376485645771,0.0434376485645771,0.0,0.0,0.0,2.2453907878639315e-05,,,,,,
2870,0.02333163097500801,0.02333163097500801,0.0,0.0,0.0,2.2316237899777102e-05,,,,,,
2880,0.24729084968566895,0.24723991751670837,0.0,0.00010185223072767258,0.0,2.2178772566966584e-05,,,,,,
2890,0.03803625330328941,0.03803625330328941,0.0,0.0,0.0,2.204151730710372e-05,,,,,,
2900,0.03220578655600548,0.03220578655600548,0.0,0.0,0.0,2.1904477538791153e-05,,,,,,
2910,0.05783771723508835,0.05623667687177658,0.0,0.0032020770013332367,0.0,2.1767658672124286e-05,,,,,,
2920,0.2821085751056671,0.2808099389076233,0.0,0.002597268670797348,0.0,2.1631066108477687e-05,,,,,,
2930,0.13414965569972992,0.1271074265241623,0.0,0.01408446952700615,0.0,2.149470524029192e-05,,,,,,
2940,0.11733852326869965,0.11706756055355072,0.0,0.0005419189110398293,0.0,2.135858145086055e-05,,,,,,
2950,0.05701083689928055,0.05701083689928055,0.0,0.0,0.0,2.1222700114117712e-05,,,,,,
2960,0.033296771347522736,0.03271942958235741,0.0,0.0011546844616532326,0.0,2.1087066594425907e-05,,,,,,
2970,0.4043194055557251,0.4043194055557251,0.0,0.0,0.0,2.0951686246364245e-05,,,,,,
2980,0.0407978892326355,0.0391949862241745,0.0,0.0032058022916316986,0.0,2.0816564414517072e-05,,,,,,
2990,0.043359726667404175,0.043359726667404175,0.0,0.0,0.0,2.0681706433262945e-05,,,,,,
3000,0.36228716373443604,0.35884204506874084,0.0,0.0068902187049388885,0.0,2.054711762656404e-05,0.5906255756368602,0.14374639058868327,0.446879185048177,0.794803311474418,0.7894336210160242,0.00536969045839375
3010,0.0643780380487442,0.0643780380487442,0.0,0.0,0.0,2.0412803307755998e-05,,,,,,
3020,0.09349006414413452,0.09349006414413452,0.0,0.0,0.0,2.0278768779338134e-05,,,,,,
3030,0.04828505963087082,0.04828505963087082,0.0,0.0,0.0,2.0145019332764144e-05,,,,,,
3040,0.3665030598640442,0.3665030598640442,0.0,0.0,0.0,2.001156024823316e-05,,,,,,
3050,0.03338644281029701,0.033337004482746124,0.0,9.887479245662689e-05,0.0,1.9878396794481307e-05,,,,,,
3060,0.04384738206863403,0.04384738206863403,0.0,0.0,0.0,1.9745534228573734e-05,,,,,,
3070,0.5661818981170654,0.5661818981170654,0.0,0.0,0.0,1.961297779569705e-05,,,,,,
3080,0.10183835029602051,0.10183835029602051,0.0,0.0,0.0,1.9480732728952237e-05,,,,,,
3090,0.030992232263088226,0.029707664623856544,0.0,0.0025691352784633636,0.0,1.934880424914811e-05,,,,,,
3100,0.35729557275772095,0.35460346937179565,0.0003233533352613449,0.004737507551908493,0.0,1.9217197564595142e-05,,,,,,
3110,0.4173199534416199,0.4165644645690918,0.0,0.0015109889209270477,0.0,1.9085917870899892e-05,,,,,,
3120,0.044055528938770294,0.0435052327811718,0.0,0.0011005960404872894,0.0,1.8954970350759876e-05,,,,,,
3130,0.14440381526947021,0.14409002661705017,0.0,0.0006275884807109833,0.0,1.882436017375899e-05,,,,,,
3140,0.013504504226148129,0.013504504226148129,0.0,0.0,0.0,1.869409249616335e-05,,,,,,
3150,0.35137584805488586,0.35137584805488586,0.0,0.0,0.0,1.8564172460717843e-05,,,,,,
3160,0.37506958842277527,0.3750292658805847,0.0,8.066277951002121e-05,0.0,1.843460519644301e-05,,,,,,
3170,0.1373271644115448,0.1373271644115448,0.0,0.0,0.0,1.8305395818432567e-05,,,,,,
3180,0.20794588327407837,0.20477484166622162,0.0,0.006342094391584396,0.0,1.8176549427651538e-05,,,,,,
3190,0.3002728223800659,0.3002728223800659,0.0,0.0,0.0,1.8048071110734784e-05,,,,,,
3200,0.1005859225988388,0.1005859225988388,0.0,0.0,0.0,1.7919965939786293e-05,,,,,,
3210,0.04038366675376892,0.04033609479665756,0.0,9.514670819044113e-05,0.0,1.779223897217885e-05,,,,,,
3220,0.037063587456941605,0.037063587456941605,0.0,0.0,0.0,1.7664895250354452e-05,,,,,,
3230,0.019147682934999466,0.017269795760512352,0.0,0.003755774348974228,0.0,1.7537939801625158e-05,,,,,,
3240,0.2819474935531616,0.2819187045097351,0.0,5.758088082075119e-05,0.0,1.7411377637974724e-05,,,,,,
3250,0.39905884861946106,0.3982929289340973,0.0,0.0015318505465984344,0.0,1.7285213755860642e-05,,,,,,
3260,0.05883375555276871,0.05883375555276871,0.0,0.0,0.0,1.7159453136016973e-05,,,,,,
3270,0.25992417335510254,0.25992417335510254,0.0,0.0,0.0,1.7034100743257645e-05,,,,,,
3280,0.2320256531238556,0.2320256531238556,0.0,0.0,0.0,1.6909161526280487e-05,,,,,,
3290,0.23997527360916138,0.23997527360916138,0.0,0.0,0.0,1.6784640417471838e-05,,,,,,
3300,0.012104187160730362,0.006558028981089592,0.0,0.01109231635928154,0.0,1.6660542332711864e-05,,,,,,
3310,0.02894030138850212,0.028642505407333374,0.0,0.0005955900996923447,0.0,1.6536872171180487e-05,,,,,,
3320,0.30900779366493225,0.30900779366493225,0.0,0.0,0.0,1.6413634815163903e-05,,,,,,
3330,0.00745609262958169,0.007448759861290455,0.0,1.466553658246994e-05,0.0,1.629083512986192e-05,,,,,,
3340,0.25742200016975403,0.2360522300004959,0.0,0.04273952171206474,0.0,1.616847796319585e-05,,,,,,
3350,0.25308549404144287,0.25308549404144287,0.0,0.0,0.0,1.6046568145617116e-05,,,,,,
3360,0.5624520778656006,0.5624520778656006,0.0,0.0,0.0,1.5925110489916577e-05,,,,,,
3370,0.04074888303875923,0.04074888303875923,0.0,0.0,0.0,1.5804109791034513e-05,,,,,,
3380,0.34626519680023193,0.3455529510974884,0.0,0.0014244671911001205,0.0,1.568357082587133e-05,,,,,,
3390,0.12503230571746826,0.11858449876308441,0.0,0.012895625084638596,0.0,1.556349835309897e-05,,,,,,
3400,0.028105370700359344,0.028105370700359344,0.0,0.0,0.0,1.544389711297306e-05,,,,,,
3410,0.10651026666164398,0.10465070605278015,0.0,0.0037191174924373627,0.0,1.5324771827145776e-05,,,,,,
3420,0.28020843863487244,0.28020843863487244,0.0,0.0,0.0,1.5206127198479427e-05,,,,,,
3430,0.14741815626621246,0.14741815626621246,0.0,0.0,0.0,1.5087967910860802e-05,,,,,,
3440,0.3611277937889099,0.3554095923900604,0.0006889812648296356,0.010058443993330002,0.0,1.4970298629016254e-05,,,,,,
3450,0.2312326580286026,0.2309119552373886,0.0,0.00064140185713768,0.0,1.4853123998327555e-05,,,,,,
3460,0.24151796102523804,0.223756343126297,0.0,0.03552323207259178,0.0,1.4736448644648466e-05,,,,,,
3470,0.5179663300514221,0.5174283981323242,0.0,0.00107588991522789,0.0,1.4620277174122191e-05,,,,,,
3480,0.05177650973200798,0.05177650973200798,0.0,0.0,0.0,1.4504614172999478e-05,,,,,,
3490,0.029789691790938377,0.029789691790938377,0.0,0.0,0.0,1.4389464207457546e-05,,,,,,
3500,0.36810538172721863,0.36810538172721863,0.0,0.0,0.0,1.427483182341986e-05,0.5906255756368602,0.15733067207823867,0.43329490355862155,0.794803311474418,0.7911445383696654,0.0036587731047525995
3510,0.5584390163421631,0.5584390163421631,0.0,0.0,0.0,1.416072154637667e-05,,,,,,
3520,0.2506103515625,0.2506103515625,0.0,0.0,0.0,1.4047137881206326e-05,,,,,,
3530,0.36813098192214966,0.3675423860549927,0.0,0.0011771731078624725,0.0,1.3934085311997446e-05,,,,,,
3540,0.04339926317334175,0.04339926317334175,0.0,0.0,0.0,1.3821568301871886e-05,,,,,,
3550,0.3776625096797943,0.3776625096797943,0.0,0.0,0.0,1.3709591292808543e-05,,,,,,
3560,0.019016895443201065,0.01842734031379223,0.0,0.0011791102588176727,0.0,1.3598158705467992e-05,,,,,,
3570,0.11153581738471985,0.1068912148475647,0.0,0.009289201349020004,0.0,1.3487274939017972e-05,,,,,,
3580,0.05715000256896019,0.05715000256896019,0.0,0.0,0.0,1.3376944370959754e-05,,,,,,
3590,0.02135341428220272,0.02135341428220272,0.0,0.0,0.0,1.326717135695521e-05,,,,,,
3600,0.024901308119297028,0.024901308119297028,0.0,0.0,0.0,1.3157960230654995e-05,,,,,,
3610,0.23233133554458618,0.23233133554458618,0.0,0.0,0.0,1.304931530352737e-05,,,,,,
3620,0.29870906472206116,0.29758530855178833,0.0,0.002247508615255356,0.0,1.2941240864688024e-05,,,,,,
3630,0.23669792711734772,0.23669792711734772,0.0,0.0,0.0,1.283374118073074e-05,,,,,,
3640,0.10717391967773438,0.10371246933937073,0.0,0.0069228969514369965,0.0,1.2726820495559e-05,,,,,,
3650,0.2380857765674591,0.2380857765674591,0.0,0.0,0.0,1.2620483030218357e-05,,,,,,
3660,0.02744707092642784,0.027076033875346184,0.0,0.0007420741021633148,0.0,1.2514732982729856e-05,,,,,,
3670,0.5591354370117188,0.5591354370117188,0.0,0.0,0.0,1.2409574527924309e-05,,,,,,
3680,0.23542307317256927,0.235406294465065,0.0,3.354530781507492e-05,0.0,1.230501181727745e-05,,,,,,
3690,0.22582510113716125,0.22582510113716125,0.0,0.0,0.0,1.2201048978746061e-05,,,,,,
3700,0.04975968971848488,0.04975968971848488,0.0,0.0,0.0,1.2097690116604989e-05,,,,,,
3710,0.09450320154428482,0.09439301490783691,0.0,0.00022037606686353683,0.0,1.1994939311285143e-05,,,,,,
3720,0.3000237047672272,0.3000237047672272,0.0,0.0,0.0,1.1892800619212361e-05,,,,,,
3730,0.14081788063049316,0.1408083736896515,0.0,1.9004568457603455e-05,0.0,1.179127807264733e-05,,,,,,
3740,0.029807474464178085,0.029807474464178085,0.0,0.0,0.0,1.1690375679526352e-05,,,,,,
3750,0.27423468232154846,0.2733636498451233,0.0,0.001742091029882431,0.0,1.1590097423303131e-05,,,,,,
3760,0.11040137708187103,0.10793903470039368,0.0,0.0049246810376644135,0.0,1.149044726279152e-05,,,,,,
3770,0.023477287963032722,0.023458831012248993,0.0,3.691297024488449e-05,0.0,1.1391429132009231e-05,,,,,,
3780,0.3657723069190979,0.3625377416610718,0.0,0.006469111889600754,0.0,1.1293046940022529e-05,,,,,,
3790,0.19525353610515594,0.19525353610515594,0.0,0.0,0.0,1.119530457079187e-05,,,,,,
3800,0.020129023119807243,0.019370922818779945,0.0,0.0015162015333771706,0.0,1.109820588301865e-05,,,,,,
3810,0.5564573407173157,0.5564573407173157,0.0,0.0,0.0,1.1001754709992808e-05,,,,,,
3820,0.020274778828024864,0.018897607922554016,0.0,0.002754341810941696,0.0,1.0905954859441485e-05,,,,,,
3830,0.0167690496891737,0.0167690496891737,0.0,0.0,0.0,1.081081011337876e-05,,,,,,
3840,0.09823089838027954,0.09823089838027954,0.0,0.0,0.0,1.0716324227956288e-05,,,,,,
3850,0.05790107324719429,0.05790107324719429,0.0,0.0,0.0,1.0622500933315042e-05,,,,,,
3860,0.41745316982269287,0.4149056077003479,0.0002417098730802536,0.004611753858625889,0.0,1.0529343933438038e-05,,,,,,
3870,0.04334588348865509,0.04334588348865509,0.0,0.0,0.0,1.0436856906004128e-05,,,,,,
3880,0.45776718854904175,0.45701244473457336,0.0,0.001509498804807663,0.0,1.034504350224279e-05,,,,,,
3890,0.234945610165596,0.234945610165596,0.0,0.0,0.0,1.0253907346789986e-05,,,,,,
3900,0.019749470055103302,0.01933513954281807,0.0,0.0008286619558930397,0.0,1.0163452037545088e-05,,,,,,
3910,0.018525302410125732,0.018525302410125732,0.0,0.0,0.0,1.0073681145528832e-05,,,,,,
3920,0.36038878560066223,0.3578142821788788,0.0003879386931657791,0.00437314435839653,0.0,9.98459821474231e-06,,,,,,
3930,0.1059848815202713,0.1059848815202713,0.0,0.0,0.0,9.896206762027096e-06,,,,,,
3940,0.022073226049542427,0.020165633410215378,0.0,0.0038151852786540985,0.0,9.808510276926406e-06,,,,,,
3950,0.27407142519950867,0.26882389187812805,0.0,0.010495048016309738,0.0,9.721512221547281e-06,,,,,,
3960,0.05397955700755119,0.05397955700755119,0.0,0.0,0.0,9.635216030424013e-06,,,,,,
3970,0.03145889192819595,0.03145889192819595,0.0,0.0,0.0,9.549625110382456e-06,,,,,,
3980,0.08023671805858612,0.08023671805858612,0.0,0.0,0.0,9.464742840405571e-06,,,,,,
3990,0.12050102651119232,0.12050102651119232,0.0,0.0,0.0,9.380572571500041e-06,,,,,,
4000,0.39251503348350525,0.39251503348350525,0.0,0.0,0.0,9.297117626563962e-06,0.5906255756368602,0.10445311583052727,0.48617245980633295,0.794803311474418,0.33873795952570385,0.4560653519487141
4010,0.013114900328218937,0.013114900328218937,0.0,0.0,0.0,9.214381300255659e-06,,,,,,
4020,0.0110872071236372,0.0110872071236372,0.0,0.0,0.0,9.132366858863627e-06,,,,,,
4030,0.15979965031147003,0.15979965031147003,0.0,0.0,0.0,9.051077540177575e-06,,,,,,
4040,0.2451934963464737,0.2451934963464737,0.0,0.0,0.0,8.970516553360633e-06,,,,,,
4050,0.03183792904019356,0.03137186914682388,0.0,0.000932120718061924,0.0,8.890687078822603e-06,,,,,,
4060,0.020438021048903465,0.019310839474201202,0.0,0.0022543631494045258,0.0,8.81159226809445e-06,,,,,,
4070,0.25953060388565063,0.25953060388565063,0.0,0.0,0.0,8.733235243703882e-06,,,,,,
4080,0.009528030641376972,0.009528030641376972,0.0,0.0,0.0,8.655619099052037e-06,,,,,,
4090,0.1363978236913681,0.13538554310798645,0.0,0.002024557441473007,0.0,8.578746898291416e-06,,,,,,
4100,0.01682921126484871,0.01682921126484871,0.0,0.0,0.0,8.502621676204877e-06,,,,,,
4110,0.2525117099285126,0.2525117099285126,0.0,0.0,0.0,8.427246438085839e-06,,,,,,
4120,0.13431769609451294,0.13361431658267975,0.0,0.0014067701995372772,0.0,8.352624159619635e-06,,,,,,
4130,0.2029513120651245,0.19080254435539246,0.0,0.024297546595335007,0.0,8.278757786766053e-06,,,,,,
4140,0.09298860281705856,0.08951801061630249,0.0,0.0069411806762218475,0.0,8.20565023564302e-06,,,,,,
4150,0.26752784848213196,0.26752784848213196,0.0,0.0,0.0,8.133304392411458e-06,,,,,,
4160,0.07006784528493881,0.07006784528493881,0.0,0.0,0.0,8.061723113161392e-06,,,,,,
4170,0.04473680257797241,0.04473680257797241,0.0,0.0,0.0,7.990909223799157e-06,,,,,,
4180,0.3571103811264038,0.3571103811264038,0.0,0.0,0.0,7.920865519935852e-06,,,,,,
4190,0.25250014662742615,0.25250014662742615,0.0,0.0,0.0,7.85159476677697e-06,,,,,,
4200,0.4371250867843628,0.43642503023147583,0.0,0.001400139182806015,0.0,7.783099699013239e-06,,,,,,
4210,0.04531535133719444,0.04531535133719444,0.0,0.0,0.0,7.71538302071265e-06,,,,,,
4220,0.26078081130981445,0.26078081130981445,0.0,0.0,0.0,7.648447405213711e-06,,,,,,
4230,0.32251548767089844,0.32251548767089844,0.0,0.0,0.0,7.582295495019907e-06,,,,,,
4240,0.1690557301044464,0.1690557301044464,0.0,0.0,0.0,7.516929901695397e-06,,,,,,
4250,0.5517606139183044,0.5517606139183044,0.0,0.0,0.0,7.452353205761868e-06,,,,,,
4260,0.10847735404968262,0.10847735404968262,0.0,0.0,0.0,7.388567956596705e-06,,,,,,
4270,0.39136260747909546,0.38988369703292847,0.0,0.002957817167043686,0.0,7.325576672332333e-06,,,,,,
4280,0.0961361676454544,0.0961361676454544,0.0,0.0,0.0,7.263381839756783e-06,,,,,,
4290,0.2487582415342331,0.2487582415342331,0.0,0.0,0.0,7.201985914215566e-06,,,,,,
4300,0.021377023309469223,0.021377023309469223,0.0,0.0,0.0,7.141391319514691e-06,,,,,,
4310,0.030124889686703682,0.02889907732605934,0.0,0.002451624721288681,0.0,7.0816004478249946e-06,,,,,,
4320,0.01695004291832447,0.01695004291832447,0.0,0.0,0.0,7.022615659587719e-06,,,,,,
4330,0.148208349943161,0.12902764976024628,0.0,0.03836139664053917,0.0,6.9644392834213075e-06,,,,,,
4340,0.5565658807754517,0.5561603307723999,0.0,0.0008111028000712395,0.0,6.907073616029472e-06,,,,,,
4350,0.22193299233913422,0.22178974747657776,0.0,0.0002865009009838104,0.0,6.850520922110538e-06,,,,,,
4360,0.013196679763495922,0.013196679763495922,0.0,0.0,0.0,6.794783434268027e-06,,,,,,
4370,0.4084252119064331,0.4084252119064331,0.0,0.0,0.0,6.739863352922527e-06,,,,,,
4380,0.05270054191350937,0.05270054191350937,0.0,0.0,0.0,6.6857628462248e-06,,,,,,
4390,0.05781136453151703,0.05781136453151703,0.0,0.0,0.0,6.632484049970219e-06,,,,,,
4400,0.2526220679283142,0.2516978681087494,0.0,0.0018483959138393402,0.0,6.580029067514442e-06,,,,,,
4410,0.4131412208080292,0.4123205840587616,0.0,0.001641254872083664,0.0,6.528399969690349e-06,,,,,,
4420,0.01820497401058674,0.01780632697045803,0.0,0.0007972950115799904,0.0,6.477598794726322e-06,,,,,,
4430,0.02190385013818741,0.02190385013818741,0.0,0.0,0.0,6.427627548165762e-06,,,,,,
4440,0.006312637589871883,0.006312637589871883,0.0,0.0,0.0,6.378488202787919e-06,,,,,,
4450,0.11905975639820099,0.11905975639820099,0.0,0.0,0.0,6.330182698530011e-06,,,,,,
4460,0.12929882109165192,0.12929882109165192,0.0,0.0,0.0,6.28271294241063e-06,,,,,,
4470,0.05851496756076813,0.05541208013892174,0.0,0.006205778568983078,0.0,6.236080808454474e-06,,,,,,
4480,0.31353893876075745,0.31353893876075745,0.0,0.0,0.0,6.19028813761833e-06,,,,,,
4490,0.12722919881343842,0.12722919881343842,0.0,0.0,0.0,6.145336737718447e-06,,,,,,
4500,0.29778507351875305,0.29778507351875305,0.0,0.0,0.0,6.101228383359116e-06,0.5906255756368602,0.14401368978348464,0.44661188585337563,0.794803311474418,0.3333912492055692,0.4614120622688488
4510,0.20304083824157715,0.20304083824157715,0.0,0.0,0.0,6.0579648158626465e-06,,,,,,
4520,0.28380918502807617,0.2836959660053253,0.0,0.00022645574063062668,0.0,6.0155477432006e-06,,,,,,
4530,0.08023213595151901,0.08023213595151901,0.0,0.0,0.0,5.973978839926377e-06,,,,,,
4540,0.4226229786872864,0.4213208556175232,0.0,0.0026042573153972626,0.0,5.9332597471091065e-06,,,,,,
4550,0.021002834662795067,0.021002834662795067,0.0,0.0,0.0,5.893392072268841e-06,,,,,,
4560,0.40903863310813904,0.4085719585418701,0.0,0.0009333603084087372,0.0,5.854377389313123e-06,,,,,,
4570,0.26344460248947144,0.2620162069797516,0.0,0.002856772392988205,0.0,5.816217238474834e-06,,,,,,
4580,0.2200172394514084,0.2200172394514084,0.0,0.0,0.0,5.778913126251389e-06,,,,,,
4590,0.2918466627597809,0.2918466627597809,0.0,0.0,0.0,5.742466525345261e-06,,,,,,
4600,0.048308711498975754,0.048308711498975754,0.0,0.0,0.0,5.706878874605849e-06,,,,,,
4610,0.05875993147492409,0.05875993147492409,0.0,0.0,0.0,5.672151578972663e-06,,,,,,
4620,0.00621817447245121,0.006201430223882198,0.0,3.3488497138023376e-05,0.0,5.638286009419878e-06,,,,,,
4630,0.3804311156272888,0.3804311156272888,0.0,0.0,0.0,5.605283502902193e-06,,,,,,
4640,0.2871186435222626,0.28586360812187195,0.0,0.0025100670754909515,0.0,5.573145362302053e-06,,,,,,
4650,0.2321036458015442,0.21237310767173767,0.0,0.03946108743548393,0.0,5.5418728563782214e-06,,,,,,
4660,0.07173097878694534,0.07173097878694534,0.0,0.0,0.0,5.51146721971568e-06,,,,,,
4670,0.04357871040701866,0.04357871040701866,0.0,0.0,0.0,5.481929652676909e-06,,,,,,
4680,0.009611525572836399,0.009611525572836399,0.0,0.0,0.0,5.4532613213544745e-06,,,,,,
4690,0.12321972101926804,0.12321972101926804,0.0,0.0,0.0,5.42546335752501e-06,,,,,,
4700,0.2958671450614929,0.29471108317375183,0.0,0.002312134951353073,0.0,5.3985368586045305e-06,,,,,,
4710,0.29165390133857727,0.29072603583335876,0.0,0.001855742186307907,0.0,5.372482887605107e-06,,,,,,
4720,0.2814992070198059,0.28134819865226746,0.0,0.000302022323012352,0.0,5.3473024730929e-06,,,,,,
4730,0.07035878300666809,0.07035878300666809,0.0,0.0,0.0,5.322996609147566e-06,,,,,,
4740,0.2828257381916046,0.2817392647266388,0.0,0.002172943204641342,0.0,5.29956625532299e-06,,,,,,
4750,0.5577399730682373,0.5577399730682373,0.0,0.0,0.0,5.277012336609421e-06,,,,,,
4760,0.24296902120113373,0.24296902120113373,0.0,0.0,0.0,5.255335743396953e-06,,,,,,
4770,0.30718696117401123,0.30718696117401123,0.0,0.0,0.0,5.2345373314403695e-06,,,,,,
4780,0.08037696033716202,0.08037696033716202,0.0,0.0,0.0,5.214617921825364e-06,,,,,,
4790,0.02014215476810932,0.02014215476810932,0.0,0.0,0.0,5.195578300936117e-06,,,,,,
4800,0.08839471638202667,0.08436231315135956,0.0,0.00806480273604393,0.0,5.177419220424263e-06,,,,,,
4810,0.10156562179327011,0.10156562179327011,0.0,0.0,0.0,5.160141397179206e-06,,,,,,
4820,0.03314012289047241,0.032747652381658554,0.0,0.0007849391549825668,0.0,5.143745513299821e-06,,,,,,
4830,0.30952516198158264,0.30952516198158264,0.0,0.0,0.0,5.1282322160675325e-06,,,,,,
4840,0.5394375920295715,0.5287309885025024,0.006498407572507858,0.00841641053557396,0.0,5.113602117920754e-06,,,,,,
4850,0.10585019737482071,0.10133017599582672,0.0,0.009040039032697678,0.0,5.099855796430707e-06,,,,,,
4860,0.018369819968938828,0.01786334626376629,0.0,0.0010129474103450775,0.0,5.086993794278627e-06,,,,,,
4870,0.030682221055030823,0.030607912689447403,0.0,0.00014861486852169037,0.0,5.0750166192343325e-06,,,,,,
4880,0.04065292328596115,0.04003799706697464,0.0,0.001229848712682724,0.0,5.063924744136189e-06,,,,,,
4890,0.3507600426673889,0.3507600426673889,0.0,0.0,0.0,5.053718606872434e-06,,,,,,
4900,0.006083967629820108,0.006083967629820108,0.0,0.0,0.0,5.044398610363891e-06,,,,,,
4910,0.04880262538790703,0.04880262538790703,0.0,0.0,0.0,5.035965122548062e-06,,,,,,
4920,0.05600152537226677,0.05600152537226677,0.0,0.0,0.0,5.028418476364607e-06,,,,,,
4930,0.0582367479801178,0.05512987822294235,0.0,0.006213735789060593,0.0,5.0217589697421945e-06,,,,,,
4940,0.1167609840631485,0.1167609840631485,0.0,0.0,0.0,5.015986865586743e-06,,,,,,
4950,0.05344264954328537,0.053429022431373596,0.0,2.725701779127121e-05,0.0,5.011102391771039e-06,,,,,,
4960,0.09304054081439972,0.08268118649721146,0.0,0.020718704909086227,0.0,5.007105741125751e-06,,,,,,
4970,0.049419861286878586,0.049419861286878586,0.0,0.0,0.0,5.003997071431798e-06,,,,,,
4980,0.05432244762778282,0.05432244762778282,0.0,0.0,0.0,5.001776505414137e-06,,,,,,
4990,0.043555743992328644,0.043555743992328644,0.0,0.0,0.0,5.000444130736915e-06,,,,,,
5000,0.17140543460845947,0.16780219972133636,0.0,0.007206480950117111,0.0,5e-06,0.5906255756368602,0.1291856410703845,0.46143993456647575,0.794803311474418,0.7899430259780271,0.004860285496390837
